<?xml version='1.0' standalone='yes'?>
<componentData>
  <component>
    <componentBaseName>3p/flexnet</componentBaseName>
    <componentFileName>3p/flexnet_common_1563491806.enc</componentFileName>
    <componentName>3p/flexnet_common</componentName>
    <componentVersion>1563491806</componentVersion>
    <instrset>0</instrset>
    <locale></locale>
    <locationId>1</locationId>
    <numFiles>1</numFiles>
    <platformList>
      <platform>glnxa64</platform>
      <platform>maci64</platform>
      <platform>win64</platform>
    </platformList>
    <releaseFamily>R2019b</releaseFamily>
    <size>2318931</size>
    <type></type>
    <uncompressedBytes>3008947</uncompressedBytes>
  </component>
</componentData>
