<?xml version='1.0' standalone='yes'?>
<componentData>
  <component>
    <componentBaseName>matlab_license</componentBaseName>
    <componentFileName>matlab_license_common_1563492185.enc</componentFileName>
    <componentName>matlab_license_common</componentName>
    <componentVersion>1563492185</componentVersion>
    <instrset>0</instrset>
    <locale></locale>
    <locationId>1</locationId>
    <numFiles>1</numFiles>
    <platformList>
      <platform>glnxa64</platform>
      <platform>maci64</platform>
      <platform>win64</platform>
    </platformList>
    <releaseFamily>R2019b</releaseFamily>
    <size>23920</size>
    <type></type>
    <uncompressedBytes>80508</uncompressedBytes>
  </component>
</componentData>
