<?xml version='1.0' standalone='yes'?>
<contents>
  <componentFiles>license_manager_licenses_common_1563495612.enc</componentFiles>
  <componentFiles>matlab_license_common_1563492185.enc</componentFiles>
  <componentFiles>version_info_common_1566426767.enc</componentFiles>
  <componentFiles>3p/flexnet_common_1563491806.enc</componentFiles>
  <definitions>license_manager_licenses_common_1563495612.xml</definitions>
  <definitions>matlab_license_common_1563492185.xml</definitions>
  <definitions>version_info_common_1566426767.xml</definitions>
  <definitions>3p/flexnet_common_1563491806.xml</definitions>
  <definitions>productdata_Network_License_Manager111621_common.xml</definitions>
</contents>
