<?xml version='1.0' standalone='yes'?>
<productData>
  <altDependencies>
  </altDependencies>
  <dependsOn>
    <component>
      <name>license_manager_licenses_common</name>
      <instrset>0</instrset>
      <locale></locale>
      <platformList>
        <platform>glnxa64</platform>
        <platform>maci64</platform>
        <platform>win64</platform>
      </platformList>
      <version>1563495612</version>
    </component>
    <component>
      <name>matlab_license_common</name>
      <instrset>0</instrset>
      <locale></locale>
      <platformList>
        <platform>glnxa64</platform>
        <platform>maci64</platform>
        <platform>win64</platform>
      </platformList>
      <version>1563492185</version>
    </component>
    <component>
      <name>version_info_common</name>
      <instrset>0</instrset>
      <locale></locale>
      <platformList>
        <platform>glnxa64</platform>
        <platform>maci64</platform>
        <platform>win64</platform>
      </platformList>
      <version>1566426767</version>
    </component>
    <component>
      <name>3p/flexnet_common</name>
      <instrset>0</instrset>
      <locale></locale>
      <platformList>
        <platform>glnxa64</platform>
        <platform>maci64</platform>
        <platform>win64</platform>
      </platformList>
      <version>1563491806</version>
    </component>
  </dependsOn>
  <installerUsage>
    <usage>professional</usage>
  </installerUsage>
  <isControllingProduct>false</isControllingProduct>
  <licenseAgreementType></licenseAgreementType>
  <platformList>
    <platform>glnxa64</platform>
    <platform>maci64</platform>
    <platform>win64</platform>
  </platformList>
  <productBaseCode></productBaseCode>
  <productName>Network License Manager</productName>
  <productNumber>0</productNumber>
  <productType>licensedProduct</productType>
  <productVersion>11.16.2.1</productVersion>
  <releaseDescription>R2019b</releaseDescription>
  <releaseFamily>R2019b</releaseFamily>
  <requiredProducts>
  </requiredProducts>
</productData>
