<?xml version='1.0' standalone='yes'?>
<componentData>
  <component>
    <componentBaseName>version_info</componentBaseName>
    <componentFileName>version_info_common_1566426767.enc</componentFileName>
    <componentName>version_info_common</componentName>
    <componentVersion>1566426767</componentVersion>
    <instrset>0</instrset>
    <locale></locale>
    <locationId>1</locationId>
    <numFiles>1</numFiles>
    <platformList>
      <platform>glnxa64</platform>
      <platform>maci64</platform>
      <platform>win64</platform>
    </platformList>
    <releaseFamily>R2019b</releaseFamily>
    <size>330</size>
    <type></type>
    <uncompressedBytes>302</uncompressedBytes>
  </component>
</componentData>
